queue,mode,producers,consumers,oversubscribe,capacity,qos,seconds,rate,trial,ops,elapsed_s,throughput_mops,mean_ns,p50_ns,p99_ns,p999_ns,max_ns,fair_cov,calib_ns,unix_time
ms,throughput,1,1,1,1024,none,2.00,1000000,0,35754590,3.2098,11.139,0.0,0,0,0,0,0.0000,107431500,1783188970
vyukov,throughput,1,1,1,1024,none,2.00,1000000,0,233013814,2.0051,116.212,0.0,0,0,0,0,0.0000,124467875,1783188972
faa,throughput,1,1,1,1024,none,2.00,1000000,0,251576976,2.0051,125.471,0.0,0,0,0,0,0.0000,116451833,1783188975
mutex,throughput,1,1,1,1024,none,2.00,1000000,0,62524848,2.0025,31.224,0.0,0,0,0,0,0.0000,114754125,1783188977
moody,throughput,1,1,1,1024,none,2.00,1000000,0,52849376,2.0051,26.358,0.0,0,0,0,0,0.0000,119640417,1783188980
spsc,throughput,1,1,1,1024,none,2.00,1000000,0,749902755,2.0051,374.004,0.0,0,0,0,0,0.0000,125048375,1783188982
ms,throughput,2,2,1,1024,none,2.00,1000000,0,42621151,2.5101,16.980,0.0,0,0,0,0,0.1254,116198041,1783188985
vyukov,throughput,2,2,1,1024,none,2.00,1000000,0,50737264,2.0051,25.304,0.0,0,0,0,0,0.0653,120606834,1783188987
faa,throughput,2,2,1,1024,none,2.00,1000000,0,53065557,2.0051,26.466,0.0,0,0,0,0,0.0012,119256417,1783188990
mutex,throughput,2,2,1,1024,none,2.00,1000000,0,44962388,2.0051,22.424,0.0,0,0,0,0,0.0137,123797625,1783188992
moody,throughput,2,2,1,1024,none,2.00,1000000,0,24550716,2.0051,12.244,0.0,0,0,0,0,0.0026,122921333,1783188995
ms,throughput,4,4,1,1024,none,2.00,1000000,0,11711124,2.0060,5.838,0.0,0,0,0,0,0.0520,123725708,1783188997
vyukov,throughput,4,4,1,1024,none,2.00,1000000,0,16997302,2.0052,8.477,0.0,0,0,0,0,0.0761,121631375,1783189000
faa,throughput,4,4,1,1024,none,2.00,1000000,0,34722129,2.0047,17.321,0.0,0,0,0,0,0.0035,119899541,1783189002
mutex,throughput,4,4,1,1024,none,2.00,1000000,0,39002416,2.0052,19.451,0.0,0,0,0,0,0.0071,121814292,1783189004
moody,throughput,4,4,1,1024,none,2.00,1000000,0,15522432,2.0051,7.741,0.0,0,0,0,0,0.0855,123418916,1783189007
ms,throughput,1,7,1,1024,none,2.00,1000000,0,50755096,8.3659,6.067,0.0,0,0,0,0,0.0000,122637500,1783189016
vyukov,throughput,1,7,1,1024,none,2.00,1000000,0,11901860,2.0053,5.935,0.0,0,0,0,0,0.0000,122846500,1783189018
faa,throughput,1,7,1,1024,none,2.00,1000000,0,40621699,2.0051,20.259,0.0,0,0,0,0,0.0000,124078500,1783189021
mutex,throughput,1,7,1,1024,none,2.00,1000000,0,23294473,2.0051,11.618,0.0,0,0,0,0,0.0000,118781583,1783189023
moody,throughput,1,7,1,1024,none,2.00,1000000,0,14753834,2.0078,7.348,0.0,0,0,0,0,0.0000,125235167,1783189025
ms,throughput,7,1,1,1024,none,2.00,1000000,0,10084265,2.0052,5.029,0.0,0,0,0,0,0.0460,124637792,1783189028
vyukov,throughput,7,1,1,1024,none,2.00,1000000,0,7952492,2.0051,3.966,0.0,0,0,0,0,0.0307,120948625,1783189030
faa,throughput,7,1,1,1024,none,2.00,1000000,0,40067019,2.0052,19.982,0.0,0,0,0,0,0.0021,120560417,1783189033
mutex,throughput,7,1,1,1024,none,2.00,1000000,0,14174667,2.0051,7.069,0.0,0,0,0,0,0.0122,119552125,1783189035
moody,throughput,7,1,1,1024,none,2.00,1000000,0,10269569,2.0058,5.120,0.0,0,0,0,0,0.1990,117812667,1783189038
ms,throughput,2,6,1,1024,none,2.00,1000000,0,31690821,4.8533,6.530,0.0,0,0,0,0,0.0566,122946209,1783189043
vyukov,throughput,2,6,1,1024,none,2.00,1000000,0,12622155,2.0052,6.295,0.0,0,0,0,0,0.0327,98194791,1783189045
faa,throughput,2,6,1,1024,none,2.00,1000000,0,31495938,2.0052,15.707,0.0,0,0,0,0,0.0014,111884583,1783189048
mutex,throughput,2,6,1,1024,none,2.00,1000000,0,31671391,2.0046,15.799,0.0,0,0,0,0,0.0009,114496875,1783189050
moody,throughput,2,6,1,1024,none,2.00,1000000,0,16917954,2.0051,8.437,0.0,0,0,0,0,0.0065,116321500,1783189053
ms,throughput,6,2,1,1024,none,2.00,1000000,0,10230189,2.0022,5.110,0.0,0,0,0,0,0.0171,124174584,1783189055
vyukov,throughput,6,2,1,1024,none,2.00,1000000,0,11582801,2.0019,5.786,0.0,0,0,0,0,0.0115,122000125,1783189058
faa,throughput,6,2,1,1024,none,2.00,1000000,0,32162916,2.0051,16.040,0.0,0,0,0,0,0.0112,118819792,1783189060
mutex,throughput,6,2,1,1024,none,2.00,1000000,0,25917267,2.0049,12.927,0.0,0,0,0,0,0.0088,119177750,1783189062
moody,throughput,6,2,1,1024,none,2.00,1000000,0,15284289,2.0052,7.622,0.0,0,0,0,0,0.0590,121757459,1783189065
ms,throughput,4,4,2,1024,none,2.00,1000000,0,14206278,2.2593,6.288,0.0,0,0,0,0,0.0920,113728250,1783189068
vyukov,throughput,4,4,2,1024,none,2.00,1000000,0,4832807,2.0044,2.411,0.0,0,0,0,0,0.0361,114156291,1783189070
faa,throughput,4,4,2,1024,none,2.00,1000000,0,37135979,2.0052,18.520,0.0,0,0,0,0,0.0067,122613917,1783189072
mutex,throughput,4,4,2,1024,none,2.00,1000000,0,30672169,2.0052,15.296,0.0,0,0,0,0,0.0077,123180541,1783189075
moody,throughput,4,4,2,1024,none,2.00,1000000,0,15459747,2.0052,7.710,0.0,0,0,0,0,0.0726,125149292,1783189077
ms,throughput,4,4,4,1024,none,2.00,1000000,0,15187968,2.7165,5.591,0.0,0,0,0,0,0.1293,119225000,1783189081
vyukov,throughput,4,4,4,1024,none,2.00,1000000,0,3506168,2.0053,1.748,0.0,0,0,0,0,0.1813,122709792,1783189083
faa,throughput,4,4,4,1024,none,2.00,1000000,0,57755757,2.0055,28.799,0.0,0,0,0,0,0.0104,117659250,1783189085
mutex,throughput,4,4,4,1024,none,2.00,1000000,0,30057075,2.0037,15.001,0.0,0,0,0,0,0.0497,116371167,1783189088
moody,throughput,4,4,4,1024,none,2.00,1000000,0,15910169,2.0054,7.934,0.0,0,0,0,0,0.1214,125473209,1783189090
ms,throughput,4,4,1,1024,all-int,2.00,1000000,0,11994774,2.0054,5.981,0.0,0,0,0,0,0.0292,116546541,1783189093
vyukov,throughput,4,4,1,1024,all-int,2.00,1000000,0,16020496,2.0053,7.989,0.0,0,0,0,0,0.0374,121647834,1783189095
faa,throughput,4,4,1,1024,all-int,2.00,1000000,0,35480217,2.0003,17.737,0.0,0,0,0,0,0.0007,104622208,1783189098
mutex,throughput,4,4,1,1024,all-int,2.00,1000000,0,38093069,2.0004,19.043,0.0,0,0,0,0,0.0053,117915167,1783189100
moody,throughput,4,4,1,1024,all-int,2.00,1000000,0,16069104,2.0060,8.011,0.0,0,0,0,0,0.0473,115314084,1783189102
ms,throughput,4,4,1,1024,all-bg,2.00,1000000,0,7793608,2.8065,2.777,0.0,0,0,0,0,0.0570,124715375,1783189106
vyukov,throughput,4,4,1,1024,all-bg,2.00,1000000,0,963896,2.0055,0.481,0.0,0,0,0,0,0.2254,122249750,1783189108
faa,throughput,4,4,1,1024,all-bg,2.00,1000000,0,34048584,2.0054,16.979,0.0,0,0,0,0,0.0020,121320417,1783189111
mutex,throughput,4,4,1,1024,all-bg,2.00,1000000,0,6783946,2.0023,3.388,0.0,0,0,0,0,0.0158,125732334,1783189113
moody,throughput,4,4,1,1024,all-bg,2.00,1000000,0,5904643,2.0053,2.944,0.0,0,0,0,0,0.0339,122204500,1783189115
ms,throughput,4,4,1,1024,prod-bg,2.00,1000000,0,4634492,2.0052,2.311,0.0,0,0,0,0,0.0092,112078708,1783189118
vyukov,throughput,4,4,1,1024,prod-bg,2.00,1000000,0,10796241,2.0052,5.384,0.0,0,0,0,0,0.0403,123953875,1783189120
faa,throughput,4,4,1,1024,prod-bg,2.00,1000000,0,23573622,2.0052,11.756,0.0,0,0,0,0,0.0025,171491875,1783189123
mutex,throughput,4,4,1,1024,prod-bg,2.00,1000000,0,18827428,2.0051,9.390,0.0,0,0,0,0,0.0080,104917084,1783189125
moody,throughput,4,4,1,1024,prod-bg,2.00,1000000,0,8877410,2.0052,4.427,0.0,0,0,0,0,0.0333,120322334,1783189128
ms,throughput,4,4,1,1024,cons-bg,2.00,1000000,0,27045016,6.2599,4.320,0.0,0,0,0,0,0.0119,123149250,1783189134
vyukov,throughput,4,4,1,1024,cons-bg,2.00,1000000,0,10370859,2.0052,5.172,0.0,0,0,0,0,0.0048,121978542,1783189137
faa,throughput,4,4,1,1024,cons-bg,2.00,1000000,0,19909955,2.0034,9.938,0.0,0,0,0,0,0.0035,119640792,1783189139
mutex,throughput,4,4,1,1024,cons-bg,2.00,1000000,0,25118586,2.0007,12.555,0.0,0,0,0,0,0.0006,124159375,1783189142
moody,throughput,4,4,1,1024,cons-bg,2.00,1000000,0,4719167,2.0052,2.353,0.0,0,0,0,0,0.2308,121006250,1783189144
ms,latency,1,1,1,1024,none,2.00,1000000,0,2000000,2.0000,1.000,650.6,167,10834,54709,446000,0.0000,103053458,1783189147
vyukov,latency,1,1,1,1024,none,2.00,1000000,0,2000000,2.0000,1.000,265.6,125,2542,24250,123875,0.0000,122032208,1783189149
faa,latency,1,1,1,1024,none,2.00,1000000,0,2000000,2.0000,1.000,734.1,83,2875,92208,1294166,0.0000,119081416,1783189151
mutex,latency,1,1,1,1024,none,2.00,1000000,0,2000000,2.0000,1.000,4352.7,208,15333,1168667,2243333,0.0000,121687583,1783189154
moody,latency,1,1,1,1024,none,2.00,1000000,0,2000000,2.0000,1.000,336.6,167,2667,35750,148000,0.0000,101711916,1783189156
spsc,latency,1,1,1,1024,none,2.00,1000000,0,2000000,2.0000,1.000,305.1,167,3250,26834,354209,0.0000,122561417,1783189159
ms,latency,4,4,1,1024,none,2.00,1000000,0,2000000,2.0000,1.000,2299.5,708,13916,370166,2410208,0.0000,114449458,1783189161
vyukov,latency,4,4,1,1024,none,2.00,1000000,0,2000000,2.0000,1.000,1939.2,667,8375,320584,7404959,0.0000,122858584,1783189164
faa,latency,4,4,1,1024,none,2.00,1000000,0,2000000,2.0000,1.000,3227.6,334,9834,992000,2931167,0.0000,103026917,1783189166
mutex,latency,4,4,1,1024,none,2.00,1000000,0,2000000,2.0000,1.000,6570.3,1792,48750,636375,1728584,0.0000,117057917,1783189169
moody,latency,4,4,1,1024,none,2.00,1000000,0,2000000,2.0000,1.000,851.4,458,2292,78833,1701583,0.0000,118339542,1783189171
ms,latency,4,4,4,1024,none,2.00,1000000,0,2000000,2.0000,1.000,7516326.9,5977584,29149542,38270459,51141875,0.0000,118175875,1783189174
vyukov,latency,4,4,4,1024,none,2.00,1000000,0,2000000,2.0000,1.000,5196618.0,1561042,39434709,61642500,72168709,0.0000,123165708,1783189176
faa,latency,4,4,4,1024,none,2.00,1000000,0,2000000,2.0000,1.000,1591886.2,859292,10983125,23426625,29764333,0.0000,123206875,1783189179
mutex,latency,4,4,4,1024,none,2.00,1000000,0,2000000,2.0000,1.000,6402725.8,1438167,50237375,73076459,84188584,0.0000,141882250,1783189181
moody,latency,4,4,4,1024,none,2.00,1000000,0,2000000,2.0000,1.000,7962124.7,1427542,67319333,122764667,152719708,0.0000,122585583,1783189184
ms,throughput,1,1,1,1024,none,2.00,1000000,1,62724917,5.4290,11.554,0.0,0,0,0,0,0.0000,96861083,1783189192
vyukov,throughput,1,1,1,1024,none,2.00,1000000,1,234076309,2.0051,116.743,0.0,0,0,0,0,0.0000,114292875,1783189194
faa,throughput,1,1,1,1024,none,2.00,1000000,1,238483889,2.0037,119.021,0.0,0,0,0,0,0.0000,120170375,1783189197
mutex,throughput,1,1,1,1024,none,2.00,1000000,1,65492609,2.0051,32.664,0.0,0,0,0,0,0.0000,121651375,1783189199
moody,throughput,1,1,1,1024,none,2.00,1000000,1,51874016,2.0051,25.872,0.0,0,0,0,0,0.0000,112924167,1783189202
spsc,throughput,1,1,1,1024,none,2.00,1000000,1,703102004,2.0051,350.664,0.0,0,0,0,0,0.0000,123344708,1783189204
ms,throughput,2,2,1,1024,none,2.00,1000000,1,41722602,2.3931,17.434,0.0,0,0,0,0,0.0383,113955250,1783189207
vyukov,throughput,2,2,1,1024,none,2.00,1000000,1,50661346,2.0037,25.285,0.0,0,0,0,0,0.0002,121169792,1783189209
faa,throughput,2,2,1,1024,none,2.00,1000000,1,50979608,2.0029,25.453,0.0,0,0,0,0,0.0007,120912167,1783189212
mutex,throughput,2,2,1,1024,none,2.00,1000000,1,47266305,2.0051,23.574,0.0,0,0,0,0,0.0108,120349208,1783189214
moody,throughput,2,2,1,1024,none,2.00,1000000,1,30545631,2.0051,15.234,0.0,0,0,0,0,0.0011,115441000,1783189217
ms,throughput,4,4,1,1024,none,2.00,1000000,1,11694472,2.0063,5.829,0.0,0,0,0,0,0.0134,118168875,1783189219
vyukov,throughput,4,4,1,1024,none,2.00,1000000,1,15384900,2.0051,7.673,0.0,0,0,0,0,0.0530,122314834,1783189221
faa,throughput,4,4,1,1024,none,2.00,1000000,1,32812354,2.0051,16.364,0.0,0,0,0,0,0.0023,116958667,1783189224
mutex,throughput,4,4,1,1024,none,2.00,1000000,1,38862597,2.0051,19.382,0.0,0,0,0,0,0.0038,122549916,1783189226
moody,throughput,4,4,1,1024,none,2.00,1000000,1,15043103,2.0054,7.501,0.0,0,0,0,0,0.0205,117272000,1783189229
ms,throughput,1,7,1,1024,none,2.00,1000000,1,40468090,7.4205,5.454,0.0,0,0,0,0,0.0000,121108417,1783189237
vyukov,throughput,1,7,1,1024,none,2.00,1000000,1,10810277,2.0063,5.388,0.0,0,0,0,0,0.0000,122263791,1783189239
faa,throughput,1,7,1,1024,none,2.00,1000000,1,40832414,2.0051,20.364,0.0,0,0,0,0,0.0000,116281375,1783189241
mutex,throughput,1,7,1,1024,none,2.00,1000000,1,23393345,2.0050,11.667,0.0,0,0,0,0,0.0000,109135958,1783189244
moody,throughput,1,7,1,1024,none,2.00,1000000,1,14368651,2.0052,7.166,0.0,0,0,0,0,0.0000,117697334,1783189246
ms,throughput,7,1,1,1024,none,2.00,1000000,1,9974099,2.0057,4.973,0.0,0,0,0,0,0.0404,123207250,1783189249
vyukov,throughput,7,1,1,1024,none,2.00,1000000,1,4752101,2.0051,2.370,0.0,0,0,0,0,0.0270,120994917,1783189251
faa,throughput,7,1,1,1024,none,2.00,1000000,1,40532235,2.0051,20.214,0.0,0,0,0,0,0.0037,117671000,1783189254
mutex,throughput,7,1,1,1024,none,2.00,1000000,1,14224677,2.0052,7.094,0.0,0,0,0,0,0.0076,123496708,1783189256
moody,throughput,7,1,1,1024,none,2.00,1000000,1,16075328,2.0021,8.029,0.0,0,0,0,0,0.2119,121828083,1783189259
ms,throughput,2,6,1,1024,none,2.00,1000000,1,32702853,5.2676,6.208,0.0,0,0,0,0,0.0427,124090125,1783189264
vyukov,throughput,2,6,1,1024,none,2.00,1000000,1,12324091,2.0053,6.146,0.0,0,0,0,0,0.0033,122327125,1783189267
faa,throughput,2,6,1,1024,none,2.00,1000000,1,25279195,2.0051,12.608,0.0,0,0,0,0,0.0048,121903833,1783189269
mutex,throughput,2,6,1,1024,none,2.00,1000000,1,31809339,2.0049,15.866,0.0,0,0,0,0,0.0004,122074834,1783189272
moody,throughput,2,6,1,1024,none,2.00,1000000,1,13271999,2.0052,6.619,0.0,0,0,0,0,0.0108,117708208,1783189274
ms,throughput,6,2,1,1024,none,2.00,1000000,1,10975362,2.0053,5.473,0.0,0,0,0,0,0.0537,124461500,1783189276
vyukov,throughput,6,2,1,1024,none,2.00,1000000,1,3927156,2.0010,1.963,0.0,0,0,0,0,0.0201,124803958,1783189279
faa,throughput,6,2,1,1024,none,2.00,1000000,1,36052506,2.0051,17.980,0.0,0,0,0,0,0.0038,122491167,1783189281
mutex,throughput,6,2,1,1024,none,2.00,1000000,1,26065755,2.0040,13.007,0.0,0,0,0,0,0.0071,125792667,1783189284
moody,throughput,6,2,1,1024,none,2.00,1000000,1,13341825,2.0052,6.654,0.0,0,0,0,0,0.1252,124071125,1783189286
ms,throughput,4,4,2,1024,none,2.00,1000000,1,14330447,2.7740,5.166,0.0,0,0,0,0,0.1006,126927709,1783189289
vyukov,throughput,4,4,2,1024,none,2.00,1000000,1,2084717,2.0047,1.040,0.0,0,0,0,0,0.2443,126436709,1783189292
faa,throughput,4,4,2,1024,none,2.00,1000000,1,41047244,2.0046,20.477,0.0,0,0,0,0,0.0070,121250583,1783189294
mutex,throughput,4,4,2,1024,none,2.00,1000000,1,30313628,2.0052,15.117,0.0,0,0,0,0,0.0216,125743500,1783189297
moody,throughput,4,4,2,1024,none,2.00,1000000,1,15416571,2.0052,7.688,0.0,0,0,0,0,0.1142,127400709,1783189299
ms,throughput,4,4,4,1024,none,2.00,1000000,1,14465410,2.8775,5.027,0.0,0,0,0,0,0.1232,127543375,1783189303
vyukov,throughput,4,4,4,1024,none,2.00,1000000,1,2991529,2.0221,1.479,0.0,0,0,0,0,0.1195,126874916,1783189305
faa,throughput,4,4,4,1024,none,2.00,1000000,1,58089021,2.0053,28.968,0.0,0,0,0,0,0.0107,126634834,1783189308
mutex,throughput,4,4,4,1024,none,2.00,1000000,1,29033359,2.0028,14.496,0.0,0,0,0,0,0.1237,117101083,1783189310
moody,throughput,4,4,4,1024,none,2.00,1000000,1,15320748,2.0160,7.599,0.0,0,0,0,0,0.1340,120285750,1783189312
ms,throughput,4,4,1,1024,all-int,2.00,1000000,1,13041824,2.0003,6.520,0.0,0,0,0,0,0.0185,127562750,1783189315
vyukov,throughput,4,4,1,1024,all-int,2.00,1000000,1,16633286,2.0051,8.295,0.0,0,0,0,0,0.0295,122689208,1783189317
faa,throughput,4,4,1,1024,all-int,2.00,1000000,1,34401068,2.0052,17.156,0.0,0,0,0,0,0.0027,125700458,1783189320
mutex,throughput,4,4,1,1024,all-int,2.00,1000000,1,37251749,2.0051,18.578,0.0,0,0,0,0,0.0056,125783250,1783189322
moody,throughput,4,4,1,1024,all-int,2.00,1000000,1,15650616,2.0102,7.786,0.0,0,0,0,0,0.0932,123045083,1783189325
ms,throughput,4,4,1,1024,all-bg,2.00,1000000,1,10680719,421.4646,0.025,0.0,0,0,0,0,0.0149,122923958,1783189747
vyukov,throughput,4,4,1,1024,all-bg,2.00,1000000,1,1154443,2.0145,0.573,0.0,0,0,0,0,0.2659,129157416,1783189749
faa,throughput,4,4,1,1024,all-bg,2.00,1000000,1,15798143,2.0052,7.879,0.0,0,0,0,0,0.0390,115947625,1783189752
mutex,throughput,4,4,1,1024,all-bg,2.00,1000000,1,8723331,2.0052,4.350,0.0,0,0,0,0,0.0102,123492167,1783189754
moody,throughput,4,4,1,1024,all-bg,2.00,1000000,1,2031968,2.0051,1.013,0.0,0,0,0,0,0.2224,128537542,1783189756
ms,throughput,4,4,1,1024,prod-bg,2.00,1000000,1,5344940,2.0042,2.667,0.0,0,0,0,0,0.0317,121972500,1783189759
vyukov,throughput,4,4,1,1024,prod-bg,2.00,1000000,1,8150115,2.0055,4.064,0.0,0,0,0,0,0.0268,128118917,1783189761
faa,throughput,4,4,1,1024,prod-bg,2.00,1000000,1,20667576,2.0013,10.327,0.0,0,0,0,0,0.0110,111862875,1783189764
mutex,throughput,4,4,1,1024,prod-bg,2.00,1000000,1,5675640,2.0008,2.837,0.0,0,0,0,0,0.0091,131480084,1783189766
moody,throughput,4,4,1,1024,prod-bg,2.00,1000000,1,4868289,2.0052,2.428,0.0,0,0,0,0,0.1031,125295667,1783189769
ms,throughput,4,4,1,1024,cons-bg,2.00,1000000,1,29061457,6.9738,4.167,0.0,0,0,0,0,0.0029,133210375,1783189776
vyukov,throughput,4,4,1,1024,cons-bg,2.00,1000000,1,13015556,2.0052,6.491,0.0,0,0,0,0,0.0059,124813416,1783189779
faa,throughput,4,4,1,1024,cons-bg,2.00,1000000,1,24729945,2.0052,12.333,0.0,0,0,0,0,0.0052,118042583,1783189781
mutex,throughput,4,4,1,1024,cons-bg,2.00,1000000,1,16531353,2.0052,8.244,0.0,0,0,0,0,0.0028,124871625,1783189783
moody,throughput,4,4,1,1024,cons-bg,2.00,1000000,1,3492461,2.0052,1.742,0.0,0,0,0,0,0.1919,124446750,1783189786
ms,latency,1,1,1,1024,none,2.00,1000000,1,2000000,2.0000,1.000,37483.8,167,659667,8124708,10007375,0.0000,118512250,1783189788
vyukov,latency,1,1,1,1024,none,2.00,1000000,1,2000000,2.0000,1.000,6330.6,125,3417,2524125,4476375,0.0000,123553625,1783189791
faa,latency,1,1,1,1024,none,2.00,1000000,1,2000000,2.0000,1.000,541544.8,84,18653459,31448625,32702167,0.0000,117363875,1783189793
mutex,latency,1,1,1,1024,none,2.00,1000000,1,2000000,2.0000,1.000,1766.9,209,12084,281750,1167917,0.0000,121923916,1783189796
moody,latency,1,1,1,1024,none,2.00,1000000,1,2000000,2.0000,1.000,30523.3,167,38667,8136709,10005750,0.0000,126090583,1783189798
spsc,latency,1,1,1,1024,none,2.00,1000000,1,2000000,2.0000,1.000,218025.4,167,7477209,13081125,15024792,0.0000,125448959,1783189801
ms,latency,4,4,1,1024,none,2.00,1000000,1,2000000,2.0000,1.000,166034.5,584,3922917,7230875,13921042,0.0000,124810958,1783189803
vyukov,latency,4,4,1,1024,none,2.00,1000000,1,2000000,2.0000,1.000,426076.8,542,9641042,25373084,28081209,0.0000,126969209,1783189806
faa,latency,4,4,1,1024,none,2.00,1000000,1,2000000,2.0000,1.000,427712.6,333,8330792,11539792,13839833,0.0000,127217125,1783189808
mutex,latency,4,4,1,1024,none,2.00,1000000,1,2000000,2.0000,1.000,71715.5,1958,1964000,4633208,8632458,0.0000,123271166,1783189811
moody,latency,4,4,1,1024,none,2.00,1000000,1,2000000,2.0000,1.000,95895.0,584,2649375,8315500,10220834,0.0000,126041541,1783189813
ms,latency,4,4,4,1024,none,2.00,1000000,1,2000000,2.0000,1.000,12975470.9,8493917,69067333,102542917,127178167,0.0000,120633042,1783189816
vyukov,latency,4,4,4,1024,none,2.00,1000000,1,2000000,2.0000,1.000,9967165.0,2360500,73991834,110876584,127187250,0.0000,123352459,1783189818
faa,latency,4,4,4,1024,none,2.00,1000000,1,2000000,2.0000,1.000,2907234.3,1280875,23179417,33528375,42648625,0.0000,124442167,1783189821
mutex,latency,4,4,4,1024,none,2.00,1000000,1,2000000,2.0000,1.000,3996329.6,1767334,23897000,38148042,48244542,0.0000,124602792,1783189823
moody,latency,4,4,4,1024,none,2.00,1000000,1,1984844,2.0000,0.992,12173711.2,2475000,97631583,133763875,147016166,0.0000,124392292,1783189826
ms,throughput,1,1,1,1024,none,2.00,1000000,2,30732505,2.7763,11.069,0.0,0,0,0,0,0.0000,120383041,1783189831
vyukov,throughput,1,1,1,1024,none,2.00,1000000,2,235628506,2.0051,117.516,0.0,0,0,0,0,0.0000,122554709,1783189834
faa,throughput,1,1,1,1024,none,2.00,1000000,2,241434285,2.0050,120.414,0.0,0,0,0,0,0.0000,124694417,1783189836
mutex,throughput,1,1,1,1024,none,2.00,1000000,2,61453723,2.0051,30.649,0.0,0,0,0,0,0.0000,102745084,1783189838
moody,throughput,1,1,1,1024,none,2.00,1000000,2,50858272,2.0051,25.365,0.0,0,0,0,0,0.0000,126690666,1783189841
spsc,throughput,1,1,1,1024,none,2.00,1000000,2,695411510,2.0051,346.829,0.0,0,0,0,0,0.0000,125570583,1783189843
ms,throughput,2,2,1,1024,none,2.00,1000000,2,42552517,2.5748,16.526,0.0,0,0,0,0,0.1552,118406208,1783189846
vyukov,throughput,2,2,1,1024,none,2.00,1000000,2,50527388,2.0160,25.063,0.0,0,0,0,0,0.0303,122938166,1783189849
faa,throughput,2,2,1,1024,none,2.00,1000000,2,53233551,2.0051,26.549,0.0,0,0,0,0,0.0005,114456959,1783189851
mutex,throughput,2,2,1,1024,none,2.00,1000000,2,44279192,2.0051,22.084,0.0,0,0,0,0,0.0009,123049250,1783189854
moody,throughput,2,2,1,1024,none,2.00,1000000,2,25579552,2.0058,12.753,0.0,0,0,0,0,0.0033,121366500,1783189856
ms,throughput,4,4,1,1024,none,2.00,1000000,2,18992554,2.3581,8.054,0.0,0,0,0,0,0.1457,121945167,1783189859
vyukov,throughput,4,4,1,1024,none,2.00,1000000,2,17290670,2.0166,8.574,0.0,0,0,0,0,0.0312,123132958,1783189861
faa,throughput,4,4,1,1024,none,2.00,1000000,2,29339849,2.0125,14.579,0.0,0,0,0,0,0.0046,122473833,1783189864
mutex,throughput,4,4,1,1024,none,2.00,1000000,2,38308871,2.0050,19.107,0.0,0,0,0,0,0.0037,123239750,1783189866
moody,throughput,4,4,1,1024,none,2.00,1000000,2,16434825,2.0051,8.196,0.0,0,0,0,0,0.1036,123824750,1783189869
ms,throughput,1,7,1,1024,none,2.00,1000000,2,46767022,8.0567,5.805,0.0,0,0,0,0,0.0000,124920542,1783189877
vyukov,throughput,1,7,1,1024,none,2.00,1000000,2,11957106,2.0052,5.963,0.0,0,0,0,0,0.0000,121775000,1783189880
faa,throughput,1,7,1,1024,none,2.00,1000000,2,42423200,2.0048,21.161,0.0,0,0,0,0,0.0000,124453500,1783189882
mutex,throughput,1,7,1,1024,none,2.00,1000000,2,25329556,2.0051,12.633,0.0,0,0,0,0,0.0000,120826416,1783189885
moody,throughput,1,7,1,1024,none,2.00,1000000,2,15707731,2.0052,7.834,0.0,0,0,0,0,0.0000,123260167,1783189887
ms,throughput,7,1,1,1024,none,2.00,1000000,2,17783987,2.5232,7.048,0.0,0,0,0,0,0.0716,123522416,1783189890
vyukov,throughput,7,1,1,1024,none,2.00,1000000,2,7297656,2.0051,3.639,0.0,0,0,0,0,0.0060,122698916,1783189892
faa,throughput,7,1,1,1024,none,2.00,1000000,2,37491431,2.0051,18.698,0.0,0,0,0,0,0.0025,124187916,1783189895
mutex,throughput,7,1,1,1024,none,2.00,1000000,2,14423984,2.0019,7.205,0.0,0,0,0,0,0.0079,124496459,1783189897
moody,throughput,7,1,1,1024,none,2.00,1000000,2,13561383,2.0051,6.763,0.0,0,0,0,0,0.3445,126249791,1783189900
ms,throughput,2,6,1,1024,none,2.00,1000000,2,35056669,5.4040,6.487,0.0,0,0,0,0,0.0095,121099875,1783189906
vyukov,throughput,2,6,1,1024,none,2.00,1000000,2,14048070,2.0020,7.017,0.0,0,0,0,0,0.0012,122431875,1783189908
faa,throughput,2,6,1,1024,none,2.00,1000000,2,31000962,2.0051,15.461,0.0,0,0,0,0,0.0012,121170958,1783189910
mutex,throughput,2,6,1,1024,none,2.00,1000000,2,33780224,2.0051,16.847,0.0,0,0,0,0,0.0016,122787959,1783189913
moody,throughput,2,6,1,1024,none,2.00,1000000,2,17526472,2.0052,8.741,0.0,0,0,0,0,0.0162,119788959,1783189915
ms,throughput,6,2,1,1024,none,2.00,1000000,2,12555429,2.0034,6.267,0.0,0,0,0,0,0.0603,120270958,1783189918
vyukov,throughput,6,2,1,1024,none,2.00,1000000,2,10592777,2.0051,5.283,0.0,0,0,0,0,0.0086,115989750,1783189920
faa,throughput,6,2,1,1024,none,2.00,1000000,2,31910791,2.0051,15.915,0.0,0,0,0,0,0.0028,124270875,1783189923
mutex,throughput,6,2,1,1024,none,2.00,1000000,2,26564062,2.0051,13.248,0.0,0,0,0,0,0.0052,119083500,1783189925
moody,throughput,6,2,1,1024,none,2.00,1000000,2,17544975,2.0079,8.738,0.0,0,0,0,0,0.1944,123965708,1783189928
ms,throughput,4,4,2,1024,none,2.00,1000000,2,17685164,3.0654,5.769,0.0,0,0,0,0,0.1348,125184167,1783189931
vyukov,throughput,4,4,2,1024,none,2.00,1000000,2,3504101,2.0052,1.748,0.0,0,0,0,0,0.0797,119052167,1783189933
faa,throughput,4,4,2,1024,none,2.00,1000000,2,54757431,2.0049,27.311,0.0,0,0,0,0,0.0075,121201917,1783189936
mutex,throughput,4,4,2,1024,none,2.00,1000000,2,29437822,2.0024,14.701,0.0,0,0,0,0,0.0510,127404125,1783189938
moody,throughput,4,4,2,1024,none,2.00,1000000,2,16115107,2.0052,8.037,0.0,0,0,0,0,0.0985,119398292,1783189941
ms,throughput,4,4,4,1024,none,2.00,1000000,2,18106432,3.2459,5.578,0.0,0,0,0,0,0.1570,122300500,1783189945
vyukov,throughput,4,4,4,1024,none,2.00,1000000,2,2806188,2.0179,1.391,0.0,0,0,0,0,0.1278,123749541,1783189947
faa,throughput,4,4,4,1024,none,2.00,1000000,2,64429585,2.0041,32.149,0.0,0,0,0,0,0.0059,119133458,1783189949
mutex,throughput,4,4,4,1024,none,2.00,1000000,2,29663182,2.0028,14.811,0.0,0,0,0,0,0.1040,122380834,1783189952
moody,throughput,4,4,4,1024,none,2.00,1000000,2,16223817,2.0184,8.038,0.0,0,0,0,0,0.1213,124157458,1783189954
ms,throughput,4,4,1,1024,all-int,2.00,1000000,2,16424510,2.1938,7.487,0.0,0,0,0,0,0.1172,124197250,1783189957
vyukov,throughput,4,4,1,1024,all-int,2.00,1000000,2,17143908,2.0052,8.550,0.0,0,0,0,0,0.0492,119264375,1783189959
faa,throughput,4,4,1,1024,all-int,2.00,1000000,2,32249802,2.0051,16.084,0.0,0,0,0,0,0.0035,124954084,1783189962
mutex,throughput,4,4,1,1024,all-int,2.00,1000000,2,39910422,2.0051,19.904,0.0,0,0,0,0,0.0036,124278375,1783189964
moody,throughput,4,4,1,1024,all-int,2.00,1000000,2,16770017,2.0051,8.364,0.0,0,0,0,0,0.0764,125994667,1783189967
ms,throughput,4,4,1,1024,all-bg,2.00,1000000,2,8096584,2.8564,2.835,0.0,0,0,0,0,0.0266,122233375,1783189970
vyukov,throughput,4,4,1,1024,all-bg,2.00,1000000,2,995247,2.0053,0.496,0.0,0,0,0,0,0.3094,125846125,1783189972
faa,throughput,4,4,1,1024,all-bg,2.00,1000000,2,32181721,2.0070,16.035,0.0,0,0,0,0,0.0107,124404792,1783189975
mutex,throughput,4,4,1,1024,all-bg,2.00,1000000,2,5929189,2.0053,2.957,0.0,0,0,0,0,0.0368,124461208,1783189977
moody,throughput,4,4,1,1024,all-bg,2.00,1000000,2,4441488,2.0054,2.215,0.0,0,0,0,0,0.0379,121535041,1783189980
ms,throughput,4,4,1,1024,prod-bg,2.00,1000000,2,4102830,2.0052,2.046,0.0,0,0,0,0,0.0127,123710625,1783189982
vyukov,throughput,4,4,1,1024,prod-bg,2.00,1000000,2,8711534,2.0052,4.345,0.0,0,0,0,0,0.0116,123942833,1783189985
faa,throughput,4,4,1,1024,prod-bg,2.00,1000000,2,15876115,2.0052,7.918,0.0,0,0,0,0,0.0034,122170417,1783189987
mutex,throughput,4,4,1,1024,prod-bg,2.00,1000000,2,14455318,2.0046,7.211,0.0,0,0,0,0,0.0040,121034625,1783189990
moody,throughput,4,4,1,1024,prod-bg,2.00,1000000,2,10241922,2.0052,5.108,0.0,0,0,0,0,0.0954,124783000,1783189992
ms,throughput,4,4,1,1024,cons-bg,2.00,1000000,2,28766438,6.8021,4.229,0.0,0,0,0,0,0.0184,119027459,1783189999
vyukov,throughput,4,4,1,1024,cons-bg,2.00,1000000,2,9791839,2.0052,4.883,0.0,0,0,0,0,0.0219,121070250,1783190002
faa,throughput,4,4,1,1024,cons-bg,2.00,1000000,2,17723923,2.0107,8.815,0.0,0,0,0,0,0.0060,121574500,1783190004
mutex,throughput,4,4,1,1024,cons-bg,2.00,1000000,2,22614928,2.0052,11.278,0.0,0,0,0,0,0.0072,124615000,1783190007
moody,throughput,4,4,1,1024,cons-bg,2.00,1000000,2,4081365,2.0051,2.035,0.0,0,0,0,0,0.2659,124056584,1783190009
ms,latency,1,1,1,1024,none,2.00,1000000,2,2000000,2.0000,1.000,28423.4,166,12958,8025916,9892583,0.0000,117175958,1783190012
vyukov,latency,1,1,1,1024,none,2.00,1000000,2,2000000,2.0000,1.000,27776.2,167,14834,7774125,9684667,0.0000,105361125,1783190014
faa,latency,1,1,1,1024,none,2.00,1000000,2,2000000,2.0000,1.000,9234.8,83,2917,3977083,5926625,0.0000,124207542,1783190016
mutex,latency,1,1,1,1024,none,2.00,1000000,2,2000000,2.0000,1.000,1250.5,208,7291,136250,879000,0.0000,124710041,1783190019
moody,latency,1,1,1,1024,none,2.00,1000000,2,2000000,2.0000,1.000,263.2,167,417,19583,90708,0.0000,122418125,1783190021
spsc,latency,1,1,1,1024,none,2.00,1000000,2,2000000,2.0000,1.000,2125.3,167,1459,923375,2058000,0.0000,126190459,1783190024
ms,latency,4,4,1,1024,none,2.00,1000000,2,2000000,2.0000,1.000,89498.8,500,2551458,9636333,11337542,0.0000,120598459,1783190026
vyukov,latency,4,4,1,1024,none,2.00,1000000,2,2000000,2.0000,1.000,62278.8,417,1619958,6920500,7754833,0.0000,123351250,1783190029
faa,latency,4,4,1,1024,none,2.00,1000000,2,2000000,2.0000,1.000,63866.0,333,1919708,6435250,8939750,0.0000,119633166,1783190031
mutex,latency,4,4,1,1024,none,2.00,1000000,2,2000000,2.0000,1.000,56123.3,1917,1508250,4187958,5121208,0.0000,124631625,1783190034
moody,latency,4,4,1,1024,none,2.00,1000000,2,2000000,2.0000,1.000,43188.0,500,1283125,3960084,7463709,0.0000,125042750,1783190036
ms,latency,4,4,4,1024,none,2.00,1000000,2,2000000,2.0000,1.000,11760739.4,8557375,39924625,83908041,115661958,0.0000,124662708,1783190039
vyukov,latency,4,4,4,1024,none,2.00,1000000,2,2000000,2.0000,1.000,5274362.9,1614291,38246625,55502916,67022416,0.0000,123499709,1783190041
faa,latency,4,4,4,1024,none,2.00,1000000,2,2000000,2.0000,1.000,1663207.5,938375,9046500,13980167,19548292,0.0000,123435166,1783190044
mutex,latency,4,4,4,1024,none,2.00,1000000,2,2000000,2.0000,1.000,5282652.4,1524042,40027333,67435208,79400333,0.0000,122403292,1783190046
moody,latency,4,4,4,1024,none,2.00,1000000,2,1994081,2.0000,0.997,7935011.7,1650417,61915792,91049709,105602709,0.0000,120419709,1783190049
ms,throughput,1,1,1,1024,none,2.00,1000000,3,38568132,3.2879,11.730,0.0,0,0,0,0,0.0000,122615250,1783190055
vyukov,throughput,1,1,1,1024,none,2.00,1000000,3,234231356,2.0026,116.962,0.0,0,0,0,0,0.0000,123971542,1783190057
faa,throughput,1,1,1,1024,none,2.00,1000000,3,267618389,2.0051,133.471,0.0,0,0,0,0,0.0000,124416250,1783190060
mutex,throughput,1,1,1,1024,none,2.00,1000000,3,64237533,2.0036,32.061,0.0,0,0,0,0,0.0000,123742125,1783190062
moody,throughput,1,1,1,1024,none,2.00,1000000,3,50509454,2.0051,25.191,0.0,0,0,0,0,0.0000,124600542,1783190065
spsc,throughput,1,1,1,1024,none,2.00,1000000,3,748233929,2.0051,373.175,0.0,0,0,0,0,0.0000,122122708,1783190067
ms,throughput,2,2,1,1024,none,2.00,1000000,3,42941104,2.5481,16.853,0.0,0,0,0,0,0.0908,120545125,1783190070
vyukov,throughput,2,2,1,1024,none,2.00,1000000,3,50727960,2.0051,25.299,0.0,0,0,0,0,0.0639,124018291,1783190072
faa,throughput,2,2,1,1024,none,2.00,1000000,3,53276123,2.0051,26.570,0.0,0,0,0,0,0.0004,120408834,1783190075
mutex,throughput,2,2,1,1024,none,2.00,1000000,3,47967518,2.0047,23.928,0.0,0,0,0,0,0.0002,120325083,1783190077
moody,throughput,2,2,1,1024,none,2.00,1000000,3,25623552,2.0051,12.779,0.0,0,0,0,0,0.0016,119356209,1783190080
ms,throughput,4,4,1,1024,none,2.00,1000000,3,15941952,2.1747,7.331,0.0,0,0,0,0,0.0401,122826458,1783190082
vyukov,throughput,4,4,1,1024,none,2.00,1000000,3,17586671,2.0051,8.771,0.0,0,0,0,0,0.0598,103379625,1783190085
faa,throughput,4,4,1,1024,none,2.00,1000000,3,32594576,2.0101,16.215,0.0,0,0,0,0,0.0019,122841167,1783190087
mutex,throughput,4,4,1,1024,none,2.00,1000000,3,40257796,2.0101,20.028,0.0,0,0,0,0,0.0120,122762291,1783190090
moody,throughput,4,4,1,1024,none,2.00,1000000,3,15636992,2.0171,7.752,0.0,0,0,0,0,0.0384,123897125,1783190092
ms,throughput,1,7,1,1024,none,2.00,1000000,3,49624379,8.8562,5.603,0.0,0,0,0,0,0.0000,121648042,1783190101
vyukov,throughput,1,7,1,1024,none,2.00,1000000,3,12167408,2.0103,6.053,0.0,0,0,0,0,0.0000,120157542,1783190104
faa,throughput,1,7,1,1024,none,2.00,1000000,3,38117317,2.0070,18.993,0.0,0,0,0,0,0.0000,126000166,1783190106
mutex,throughput,1,7,1,1024,none,2.00,1000000,3,24691582,2.0101,12.284,0.0,0,0,0,0,0.0000,125750000,1783190109
moody,throughput,1,7,1,1024,none,2.00,1000000,3,15097592,2.0045,7.532,0.0,0,0,0,0,0.0000,124265250,1783190111
ms,throughput,7,1,1,1024,none,2.00,1000000,3,11282974,2.0077,5.620,0.0,0,0,0,0,0.0449,123959250,1783190114
vyukov,throughput,7,1,1,1024,none,2.00,1000000,3,8097268,2.0102,4.028,0.0,0,0,0,0,0.0075,124215792,1783190116
faa,throughput,7,1,1,1024,none,2.00,1000000,3,37410608,2.0102,18.611,0.0,0,0,0,0,0.0026,125265208,1783190119
mutex,throughput,7,1,1,1024,none,2.00,1000000,3,14097931,2.0102,7.013,0.0,0,0,0,0,0.0098,120889416,1783190121
moody,throughput,7,1,1,1024,none,2.00,1000000,3,16403042,2.0101,8.160,0.0,0,0,0,0,0.0953,124113208,1783190123
ms,throughput,2,6,1,1024,none,2.00,1000000,3,33737414,5.5248,6.107,0.0,0,0,0,0,0.0868,119680667,1783190129
vyukov,throughput,2,6,1,1024,none,2.00,1000000,3,13848604,2.0102,6.889,0.0,0,0,0,0,0.0121,120801459,1783190132
faa,throughput,2,6,1,1024,none,2.00,1000000,3,31667233,2.0102,15.753,0.0,0,0,0,0,0.0014,121451958,1783190134
mutex,throughput,2,6,1,1024,none,2.00,1000000,3,33319422,2.0100,16.577,0.0,0,0,0,0,0.0008,122033042,1783190137
moody,throughput,2,6,1,1024,none,2.00,1000000,3,17484550,2.0101,8.698,0.0,0,0,0,0,0.0290,125113500,1783190139
ms,throughput,6,2,1,1024,none,2.00,1000000,3,13702069,2.0139,6.804,0.0,0,0,0,0,0.0841,125168667,1783190142
vyukov,throughput,6,2,1,1024,none,2.00,1000000,3,10260810,2.0024,5.124,0.0,0,0,0,0,0.0103,119486083,1783190144
faa,throughput,6,2,1,1024,none,2.00,1000000,3,31914935,2.0114,15.867,0.0,0,0,0,0,0.0034,124050208,1783190147
mutex,throughput,6,2,1,1024,none,2.00,1000000,3,26581438,2.0061,13.250,0.0,0,0,0,0,0.0079,118481083,1783190149
moody,throughput,6,2,1,1024,none,2.00,1000000,3,15687888,2.0101,7.804,0.0,0,0,0,0,0.2398,124612166,1783190152
ms,throughput,4,4,2,1024,none,2.00,1000000,3,19217272,3.2801,5.859,0.0,0,0,0,0,0.1280,122905958,1783190155
vyukov,throughput,4,4,2,1024,none,2.00,1000000,3,4128953,2.0112,2.053,0.0,0,0,0,0,0.0914,122032583,1783190158
faa,throughput,4,4,2,1024,none,2.00,1000000,3,43451097,2.0101,21.616,0.0,0,0,0,0,0.0041,123333834,1783190160
mutex,throughput,4,4,2,1024,none,2.00,1000000,3,30069090,2.0032,15.011,0.0,0,0,0,0,0.0534,123322209,1783190163
moody,throughput,4,4,2,1024,none,2.00,1000000,3,15943484,2.0103,7.931,0.0,0,0,0,0,0.0999,123763917,1783190165
ms,throughput,4,4,4,1024,none,2.00,1000000,3,18746083,3.5029,5.352,0.0,0,0,0,0,0.1829,123837875,1783190169
vyukov,throughput,4,4,4,1024,none,2.00,1000000,3,3150094,2.0177,1.561,0.0,0,0,0,0,0.1382,125633291,1783190171
faa,throughput,4,4,4,1024,none,2.00,1000000,3,63204540,2.0029,31.557,0.0,0,0,0,0,0.0083,122417959,1783190174
mutex,throughput,4,4,4,1024,none,2.00,1000000,3,29714941,2.0036,14.831,0.0,0,0,0,0,0.0419,122657375,1783190176
moody,throughput,4,4,4,1024,none,2.00,1000000,3,15494849,2.0198,7.672,0.0,0,0,0,0,0.1238,123094917,1783190179
ms,throughput,4,4,1,1024,all-int,2.00,1000000,3,15147339,2.1086,7.184,0.0,0,0,0,0,0.0625,125064750,1783190181
vyukov,throughput,4,4,1,1024,all-int,2.00,1000000,3,17379158,2.0098,8.647,0.0,0,0,0,0,0.0183,122714042,1783190184
faa,throughput,4,4,1,1024,all-int,2.00,1000000,3,32209162,2.0093,16.030,0.0,0,0,0,0,0.0029,123485750,1783190186
mutex,throughput,4,4,1,1024,all-int,2.00,1000000,3,39592959,2.0101,19.697,0.0,0,0,0,0,0.0091,123116584,1783190189
moody,throughput,4,4,1,1024,all-int,2.00,1000000,3,16398879,2.0147,8.140,0.0,0,0,0,0,0.0501,125554000,1783190191
ms,throughput,4,4,1,1024,all-bg,2.00,1000000,3,7821516,2.8378,2.756,0.0,0,0,0,0,0.0431,121094125,1783190194
vyukov,throughput,4,4,1,1024,all-bg,2.00,1000000,3,1581510,2.0102,0.787,0.0,0,0,0,0,0.3804,121528333,1783190197
faa,throughput,4,4,1,1024,all-bg,2.00,1000000,3,30659387,2.0104,15.250,0.0,0,0,0,0,0.0020,123238584,1783190199
mutex,throughput,4,4,1,1024,all-bg,2.00,1000000,3,4703617,2.0112,2.339,0.0,0,0,0,0,0.0097,122492584,1783190202
moody,throughput,4,4,1,1024,all-bg,2.00,1000000,3,3992610,2.0103,1.986,0.0,0,0,0,0,0.0706,118322375,1783190204
ms,throughput,4,4,1,1024,prod-bg,2.00,1000000,3,4257540,2.0102,2.118,0.0,0,0,0,0,0.0130,119147042,1783190207
vyukov,throughput,4,4,1,1024,prod-bg,2.00,1000000,3,8861890,2.0102,4.409,0.0,0,0,0,0,0.0183,123611459,1783190209
faa,throughput,4,4,1,1024,prod-bg,2.00,1000000,3,16304183,2.0110,8.108,0.0,0,0,0,0,0.0028,119988750,1783190212
mutex,throughput,4,4,1,1024,prod-bg,2.00,1000000,3,19627578,2.0101,9.765,0.0,0,0,0,0,0.0032,123739083,1783190214
moody,throughput,4,4,1,1024,prod-bg,2.00,1000000,3,9194178,2.0122,4.569,0.0,0,0,0,0,0.0820,121271000,1783190217
ms,throughput,4,4,1,1024,cons-bg,2.00,1000000,3,29085905,6.7854,4.287,0.0,0,0,0,0,0.0395,123522000,1783190224
vyukov,throughput,4,4,1,1024,cons-bg,2.00,1000000,3,9991435,2.0102,4.970,0.0,0,0,0,0,0.0113,121441125,1783190226
faa,throughput,4,4,1,1024,cons-bg,2.00,1000000,3,18200344,2.0102,9.054,0.0,0,0,0,0,0.0023,123882542,1783190229
mutex,throughput,4,4,1,1024,cons-bg,2.00,1000000,3,22329189,2.0102,11.108,0.0,0,0,0,0,0.0062,117464875,1783190231
moody,throughput,4,4,1,1024,cons-bg,2.00,1000000,3,3892150,2.0102,1.936,0.0,0,0,0,0,0.1013,123071583,1783190234
ms,latency,1,1,1,1024,none,2.00,1000000,3,2000000,2.0000,1.000,335.5,166,2416,24458,124416,0.0000,122768125,1783190236
vyukov,latency,1,1,1,1024,none,2.00,1000000,3,2000000,2.0000,1.000,225.7,166,375,18958,76000,0.0000,123078667,1783190239
faa,latency,1,1,1,1024,none,2.00,1000000,3,2000000,2.0000,1.000,1642.3,83,1583,444833,2296458,0.0000,123768750,1783190241
mutex,latency,1,1,1,1024,none,2.00,1000000,3,2000000,2.0000,1.000,773.0,208,6792,25375,118167,0.0000,124959333,1783190243
moody,latency,1,1,1,1024,none,2.00,1000000,3,2000000,2.0000,1.000,284.5,209,459,19709,80875,0.0000,119005500,1783190246
spsc,latency,1,1,1,1024,none,2.00,1000000,3,2000000,2.0000,1.000,1953.1,166,625,677083,2455500,0.0000,125398292,1783190248
ms,latency,4,4,1,1024,none,2.00,1000000,3,2000000,2.0000,1.000,148641.9,500,4194875,11785292,13624125,0.0000,121200458,1783190251
vyukov,latency,4,4,1,1024,none,2.00,1000000,3,2000000,2.0000,1.000,180001.3,417,6100292,9739375,11221250,0.0000,122841083,1783190253
faa,latency,4,4,1,1024,none,2.00,1000000,3,2000000,2.0000,1.000,79403.0,334,2347292,7858125,10008542,0.0000,119714500,1783190256
mutex,latency,4,4,1,1024,none,2.00,1000000,3,2000000,2.0000,1.000,156040.4,1958,4453916,9801333,11428750,0.0000,123969583,1783190258
moody,latency,4,4,1,1024,none,2.00,1000000,3,2000000,2.0000,1.000,120777.8,500,4478958,9443375,11019833,0.0000,126056500,1783190261
ms,latency,4,4,4,1024,none,2.00,1000000,3,2000000,2.0000,1.000,10315685.6,7704333,36902042,46852708,53561208,0.0000,123903083,1783190263
vyukov,latency,4,4,4,1024,none,2.00,1000000,3,2000000,2.0000,1.000,5411236.0,1607583,40645833,60131583,71447333,0.0000,122772375,1783190266
faa,latency,4,4,4,1024,none,2.00,1000000,3,2000000,2.0000,1.000,1735482.8,956292,10071458,14754417,21527167,0.0000,123697917,1783190268
mutex,latency,4,4,4,1024,none,2.00,1000000,3,2000000,2.0000,1.000,7543196.5,1743792,60245625,82105500,92927250,0.0000,119844083,1783190271
moody,latency,4,4,4,1024,none,2.00,1000000,3,2000000,2.0000,1.000,14417576.5,2514959,114132209,153749167,175117000,0.0000,122744958,1783190274
ms,throughput,1,1,1,1024,none,2.00,1000000,4,23301988,2.3832,9.777,0.0,0,0,0,0,0.0000,116043375,1783190278
vyukov,throughput,1,1,1,1024,none,2.00,1000000,4,236220189,2.0101,117.519,0.0,0,0,0,0,0.0000,119175542,1783190281
faa,throughput,1,1,1,1024,none,2.00,1000000,4,253010309,2.0101,125.872,0.0,0,0,0,0,0.0000,110530125,1783190283
mutex,throughput,1,1,1,1024,none,2.00,1000000,4,65123178,2.0094,32.409,0.0,0,0,0,0,0.0000,124620333,1783190286
moody,throughput,1,1,1,1024,none,2.00,1000000,4,52102795,2.0101,25.921,0.0,0,0,0,0,0.0000,119281958,1783190288
spsc,throughput,1,1,1,1024,none,2.00,1000000,4,747405051,2.0101,371.831,0.0,0,0,0,0,0.0000,124626083,1783190291
ms,throughput,2,2,1,1024,none,2.00,1000000,4,42482461,2.5490,16.666,0.0,0,0,0,0,0.0881,120957083,1783190294
vyukov,throughput,2,2,1,1024,none,2.00,1000000,4,51056916,2.0101,25.400,0.0,0,0,0,0,0.0599,115585875,1783190296
faa,throughput,2,2,1,1024,none,2.00,1000000,4,53529767,2.0101,26.630,0.0,0,0,0,0,0.0008,119637875,1783190299
mutex,throughput,2,2,1,1024,none,2.00,1000000,4,46792074,2.0101,23.278,0.0,0,0,0,0,0.0122,120902750,1783190301
moody,throughput,2,2,1,1024,none,2.00,1000000,4,25192682,2.0101,12.533,0.0,0,0,0,0,0.0032,124920416,1783190303
ms,throughput,4,4,1,1024,none,2.00,1000000,4,15634209,2.1424,7.297,0.0,0,0,0,0,0.0715,125823917,1783190306
vyukov,throughput,4,4,1,1024,none,2.00,1000000,4,17312085,2.0101,8.612,0.0,0,0,0,0,0.0981,124835041,1783190308
faa,throughput,4,4,1,1024,none,2.00,1000000,4,31833762,2.0073,15.859,0.0,0,0,0,0,0.0018,122262500,1783190311
mutex,throughput,4,4,1,1024,none,2.00,1000000,4,40028626,2.0101,19.914,0.0,0,0,0,0,0.0076,124621542,1783190313
moody,throughput,4,4,1,1024,none,2.00,1000000,4,16061504,2.0101,7.990,0.0,0,0,0,0,0.0666,125824542,1783190316
ms,throughput,1,7,1,1024,none,2.00,1000000,4,48680721,8.3020,5.864,0.0,0,0,0,0,0.0000,123479958,1783190325
vyukov,throughput,1,7,1,1024,none,2.00,1000000,4,12309970,2.0102,6.124,0.0,0,0,0,0,0.0000,121026333,1783190327
faa,throughput,1,7,1,1024,none,2.00,1000000,4,38972117,2.0101,19.388,0.0,0,0,0,0,0.0000,125444833,1783190330
mutex,throughput,1,7,1,1024,none,2.00,1000000,4,24763243,2.0101,12.320,0.0,0,0,0,0,0.0000,123233000,1783190332
moody,throughput,1,7,1,1024,none,2.00,1000000,4,15215973,2.0102,7.570,0.0,0,0,0,0,0.0000,129504125,1783190334
ms,throughput,7,1,1,1024,none,2.00,1000000,4,11535157,2.0131,5.730,0.0,0,0,0,0,0.0492,122787166,1783190337
vyukov,throughput,7,1,1,1024,none,2.00,1000000,4,7650378,2.0102,3.806,0.0,0,0,0,0,0.0033,124943958,1783190339
faa,throughput,7,1,1,1024,none,2.00,1000000,4,38240938,2.0101,19.024,0.0,0,0,0,0,0.0016,123705875,1783190342
mutex,throughput,7,1,1,1024,none,2.00,1000000,4,14341324,2.0015,7.165,0.0,0,0,0,0,0.0101,134696375,1783190344
moody,throughput,7,1,1,1024,none,2.00,1000000,4,15619008,2.0102,7.770,0.0,0,0,0,0,0.2576,120976834,1783190347
ms,throughput,2,6,1,1024,none,2.00,1000000,4,33861108,5.2746,6.420,0.0,0,0,0,0,0.0737,122041750,1783190352
vyukov,throughput,2,6,1,1024,none,2.00,1000000,4,13240139,2.0090,6.590,0.0,0,0,0,0,0.0015,121604875,1783190355
faa,throughput,2,6,1,1024,none,2.00,1000000,4,31636659,2.0101,15.739,0.0,0,0,0,0,0.0022,120540292,1783190357
mutex,throughput,2,6,1,1024,none,2.00,1000000,4,33729363,2.0100,16.781,0.0,0,0,0,0,0.0039,131067583,1783190360
moody,throughput,2,6,1,1024,none,2.00,1000000,4,17417561,2.0101,8.665,0.0,0,0,0,0,0.0116,123999583,1783190362
ms,throughput,6,2,1,1024,none,2.00,1000000,4,11830943,2.0102,5.885,0.0,0,0,0,0,0.0250,122692000,1783190365
vyukov,throughput,6,2,1,1024,none,2.00,1000000,4,10750125,2.0107,5.346,0.0,0,0,0,0,0.0075,121062042,1783190367
faa,throughput,6,2,1,1024,none,2.00,1000000,4,32353453,2.0101,16.095,0.0,0,0,0,0,0.0018,123948250,1783190370
mutex,throughput,6,2,1,1024,none,2.00,1000000,4,26540508,2.0102,13.203,0.0,0,0,0,0,0.0067,122699125,1783190372
moody,throughput,6,2,1,1024,none,2.00,1000000,4,14483425,2.0102,7.205,0.0,0,0,0,0,0.1523,122836750,1783190374
ms,throughput,4,4,2,1024,none,2.00,1000000,4,18486189,3.2612,5.669,0.0,0,0,0,0,0.1389,121700375,1783190378
vyukov,throughput,4,4,2,1024,none,2.00,1000000,4,3644317,2.0103,1.813,0.0,0,0,0,0,0.0181,124208208,1783190381
faa,throughput,4,4,2,1024,none,2.00,1000000,4,44283961,2.0104,22.028,0.0,0,0,0,0,0.0035,125038791,1783190383
mutex,throughput,4,4,2,1024,none,2.00,1000000,4,29691884,2.0042,14.815,0.0,0,0,0,0,0.0519,123543666,1783190386
moody,throughput,4,4,2,1024,none,2.00,1000000,4,16013827,2.0103,7.966,0.0,0,0,0,0,0.0988,123594708,1783190388
ms,throughput,4,4,4,1024,none,2.00,1000000,4,17143390,3.1154,5.503,0.0,0,0,0,0,0.1420,122550333,1783190392
vyukov,throughput,4,4,4,1024,none,2.00,1000000,4,2981620,2.0104,1.483,0.0,0,0,0,0,0.1556,124734875,1783190394
faa,throughput,4,4,4,1024,none,2.00,1000000,4,61783003,2.0094,30.748,0.0,0,0,0,0,0.0090,123467500,1783190397
mutex,throughput,4,4,4,1024,none,2.00,1000000,4,24413683,2.0026,12.191,0.0,0,0,0,0,0.1303,122606334,1783190399
moody,throughput,4,4,4,1024,none,2.00,1000000,4,16103587,2.0071,8.023,0.0,0,0,0,0,0.1435,124887750,1783190401
ms,throughput,4,4,1,1024,all-int,2.00,1000000,4,14962803,2.0722,7.221,0.0,0,0,0,0,0.0620,126873834,1783190404
vyukov,throughput,4,4,1,1024,all-int,2.00,1000000,4,17196842,2.0063,8.571,0.0,0,0,0,0,0.0681,125145541,1783190406
faa,throughput,4,4,1,1024,all-int,2.00,1000000,4,32780111,2.0101,16.308,0.0,0,0,0,0,0.0013,123717291,1783190409
mutex,throughput,4,4,1,1024,all-int,2.00,1000000,4,40100863,2.0101,19.949,0.0,0,0,0,0,0.0075,122313792,1783190411
moody,throughput,4,4,1,1024,all-int,2.00,1000000,4,16517793,2.0135,8.204,0.0,0,0,0,0,0.0899,124432417,1783190414
ms,throughput,4,4,1,1024,all-bg,2.00,1000000,4,8167612,2.7963,2.921,0.0,0,0,0,0,0.0367,125835500,1783190417
vyukov,throughput,4,4,1,1024,all-bg,2.00,1000000,4,718289,2.0103,0.357,0.0,0,0,0,0,0.1044,122475959,1783190419
faa,throughput,4,4,1,1024,all-bg,2.00,1000000,4,62536795,2.0102,31.110,0.0,0,0,0,0,0.0150,123986084,1783190422
mutex,throughput,4,4,1,1024,all-bg,2.00,1000000,4,3323210,2.0106,1.653,0.0,0,0,0,0,0.0189,119893333,1783190424
moody,throughput,4,4,1,1024,all-bg,2.00,1000000,4,3248081,2.0106,1.615,0.0,0,0,0,0,0.0756,124643208,1783190427
ms,throughput,4,4,1,1024,prod-bg,2.00,1000000,4,4215224,2.0102,2.097,0.0,0,0,0,0,0.0108,121428209,1783190429
vyukov,throughput,4,4,1,1024,prod-bg,2.00,1000000,4,8426734,2.0102,4.192,0.0,0,0,0,0,0.0045,123805334,1783190432
faa,throughput,4,4,1,1024,prod-bg,2.00,1000000,4,16212485,2.0113,8.061,0.0,0,0,0,0,0.0039,120081958,1783190434
mutex,throughput,4,4,1,1024,prod-bg,2.00,1000000,4,20115994,2.0033,10.041,0.0,0,0,0,0,0.0072,124263584,1783190437
moody,throughput,4,4,1,1024,prod-bg,2.00,1000000,4,9504578,2.0102,4.728,0.0,0,0,0,0,0.0855,122684167,1783190439
ms,throughput,4,4,1,1024,cons-bg,2.00,1000000,4,28956053,6.8008,4.258,0.0,0,0,0,0,0.0214,123962041,1783190446
vyukov,throughput,4,4,1,1024,cons-bg,2.00,1000000,4,9864985,2.0102,4.908,0.0,0,0,0,0,0.0071,119332792,1783190449
faa,throughput,4,4,1,1024,cons-bg,2.00,1000000,4,17843520,2.0102,8.877,0.0,0,0,0,0,0.0017,123625875,1783190451
mutex,throughput,4,4,1,1024,cons-bg,2.00,1000000,4,22522871,2.0075,11.219,0.0,0,0,0,0,0.0037,123135375,1783190454
moody,throughput,4,4,1,1024,cons-bg,2.00,1000000,4,4042007,2.0101,2.011,0.0,0,0,0,0,0.1618,124690166,1783190456
ms,latency,1,1,1,1024,none,2.00,1000000,4,2000000,2.0000,1.000,24425.3,166,11916,7609291,9492458,0.0000,123853292,1783190459
vyukov,latency,1,1,1,1024,none,2.00,1000000,4,2000000,2.0000,1.000,524.4,125,625,32667,961917,0.0000,122140292,1783190461
faa,latency,1,1,1,1024,none,2.00,1000000,4,2000000,2.0000,1.000,547.1,84,584,43209,924625,0.0000,125045917,1783190464
mutex,latency,1,1,1,1024,none,2.00,1000000,4,2000000,2.0000,1.000,48169.7,208,988041,9907583,11798250,0.0000,122898959,1783190466
moody,latency,1,1,1,1024,none,2.00,1000000,4,2000000,2.0000,1.000,466.6,167,1250,37417,748584,0.0000,123935458,1783190468
spsc,latency,1,1,1,1024,none,2.00,1000000,4,2000000,2.0000,1.000,1564.8,167,3667,496042,1765833,0.0000,124323000,1783190471
ms,latency,4,4,1,1024,none,2.00,1000000,4,2000000,2.0000,1.000,101581.0,500,3287625,8824125,10454750,0.0000,115575750,1783190473
vyukov,latency,4,4,1,1024,none,2.00,1000000,4,2000000,2.0000,1.000,241993.7,417,5986708,9940958,13093917,0.0000,124819833,1783190476
faa,latency,4,4,1,1024,none,2.00,1000000,4,2000000,2.0000,1.000,156285.2,334,4741000,8985000,10916500,0.0000,123605333,1783190478
mutex,latency,4,4,1,1024,none,2.00,1000000,4,2000000,2.0000,1.000,203341.1,2083,5490750,9328500,10405792,0.0000,120108292,1783190481
moody,latency,4,4,1,1024,none,2.00,1000000,4,2000000,2.0000,1.000,300567.9,500,7261042,11087750,12972875,0.0000,125763083,1783190483
ms,latency,4,4,4,1024,none,2.00,1000000,4,2000000,2.0000,1.000,11140648.1,8205958,40825500,78409416,95546833,0.0000,122795875,1783190486
vyukov,latency,4,4,4,1024,none,2.00,1000000,4,2000000,2.0000,1.000,5815303.7,1865541,42144791,57298583,81416500,0.0000,123426208,1783190489
faa,latency,4,4,4,1024,none,2.00,1000000,4,2000000,2.0000,1.000,2121590.7,1048292,12944417,21153709,30414917,0.0000,118922167,1783190491
mutex,latency,4,4,4,1024,none,2.00,1000000,4,2000000,2.0000,1.000,6509284.6,1565834,47362834,75828125,90455792,0.0000,124286208,1783190494
moody,latency,4,4,4,1024,none,2.00,1000000,4,2000000,2.0000,1.000,9079268.4,1876291,70681916,97533666,112485375,0.0000,123434708,1783190496
